{
  "project_info": {
    "project_number": "287346028140",
    "project_id": "detectcode-76e3c",
    "storage_bucket": "detectcode-76e3c.appspot.com"
  },
  "client": [
    {
      "client_info": {
        "mobilesdk_app_id": "1:287346028140:android:864a1f890ae30b3dbf7249",
        "android_client_info": {
          "package_name": "com.example.recognize"
        }
      },
      "oauth_client": [
        {
          "client_id": "287346028140-fdekiuiimn628s1t8bq8arebfekgfchr.apps.googleusercontent.com",
          "client_type": 3
        }
      ],
      "api_key": [
        {
          "current_key": "AIzaSyBw2-S6CpGfOtaencF3mD-Ya01LJq1ZHds"
        }
      ],
      "services": {
        "appinvite_service": {
          "other_platform_oauth_client": [
            {
              "client_id": "287346028140-fdekiuiimn628s1t8bq8arebfekgfchr.apps.googleusercontent.com",
              "client_type": 3
            }
          ]
        }
      }
    }
  ],
  "configuration_version": "1"
}